words,links,capital_words,spam_word_count,is_spam
138,0,10,9,1
39,0,3,1,0
101,0,1,6,0
411,1,3,2,0
65,7,15,6,1
629,9,7,2,1
114,8,4,2,1
374,4,18,8,1
248,3,19,6,1
235,1,3,2,0
994,8,16,0,1
118,1,7,0,0
60,1,0,0,0
596,7,5,8,1
53,3,8,4,1
146,0,2,0,0
27,1,6,2,0
413,8,28,4,1
204,2,1,2,0
898,10,25,3,1
129,3,14,3,1
255,2,1,2,0
182,2,5,2,0
352,2,0,5,0
489,1,4,5,1
29,1,3,2,0
714,3,5,4,1
253,2,3,2,0
844,10,8,1,1
125,8,28,10,1
259,3,3,3,0
39,4,0,1,0
265,2,2,4,0
213,2,1,1,0
227,2,4,1,0
220,2,0,1,0
293,2,0,1,0
21,1,7,3,0
39,0,0,0,0
94,0,0,0,0
132,6,14,7,1
170,10,2,6,1
138,2,11,3,1
84,2,0,3,1
278,5,2,0,0
130,0,1,2,0
156,2,2,5,0
191,0,3,2,0
292,7,3,10,1
721,4,21,9,1
194,8,5,8,1
545,7,19,3,1
25,2,3,1,0
959,2,30,3,1
529,2,30,9,1
777,2,5,4,1
81,10,22,8,1
458,6,5,6,1
66,3,26,9,1
295,1,2,5,0
270,1,2,0,0
28,4,0,0,0
434,0,1,4,0
75,0,0,2,0
30,0,1,1,0
46,0,7,0,0
615,9,12,4,1
803,0,16,5,1
269,2,0,5,0
440,10,5,7,1
732,4,11,1,1
50,1,3,0,0
710,9,14,0,1
324,0,8,3,0
174,0,24,4,1
152,2,1,6,0
120,2,21,3,1
161,3,26,8,1
64,2,0,5,0
114,0,0,3,0
144,0,8,2,0
160,2,2,2,0
376,8,19,8,1
37,2,2,0,0
71,5,2,1,0
269,0,1,0,0
575,5,29,3,1
354,5,6,4,1
177,4,22,2,1
47,2,0,2,0
477,2,25,10,1
869,7,12,0,1
298,3,22,8,1
170,5,21,6,1
761,2,2,6,1
283,2,3,1,0
102,2,5,10,1
904,3,23,7,1
381,1,1,0,0
129,2,0,1,0
80,3,1,6,0
258,1,3,1,0
513,2,23,3,1
63,2,5,2,0
219,2,7,1,0
178,0,9,3,0
953,8,9,4,1
79,1,3,3,0
459,7,22,7,1
951,9,2,4,1
297,1,8,2,0
347,0,3,1,0
212,0,4,0,0
54,7,14,4,1
78,6,5,10,1
408,2,21,0,1
881,5,26,4,1
247,2,2,0,0
366,0,5,0,0
867,8,26,10,1
275,0,1,3,0
163,0,3,4,0
330,2,0,2,1
78,1,3,1,0
60,6,7,8,1
126,4,1,7,1
242,0,3,0,0
491,0,2,1,0
217,2,10,0,0
555,2,17,3,1
97,0,0,0,0
106,8,3,6,1
142,0,0,1,0
172,2,0,4,1
195,0,7,1,0
209,3,0,0,0
506,10,9,10,1
173,9,11,1,1
227,2,0,2,0
938,6,0,9,1
250,1,4,1,0
33,0,1,1,0
874,1,1,5,1
123,10,9,4,1
35,2,3,0,0
715,6,26,5,1
289,3,3,3,0
432,9,14,3,1
328,1,2,1,0
489,2,26,8,1
435,2,0,1,0
217,2,3,2,0
469,0,10,3,1
50,2,23,7,1
874,8,5,8,1
83,4,2,1,0
67,1,3,1,0
219,1,8,0,0
167,2,17,6,1
661,7,14,7,1
732,2,13,3,1
88,3,2,2,0
510,4,24,9,1
81,2,1,2,0
215,1,1,0,0
423,10,5,6,1
217,8,0,10,1
237,1,3,2,0
577,4,27,9,1
239,1,1,2,0
82,0,2,1,0
157,8,0,10,1
128,0,0,0,0
426,10,29,2,1
196,1,1,2,0
953,8,14,3,1
119,2,0,5,0
486,9,27,3,1
251,1,0,0,0
76,9,14,10,1
126,1,3,0,0
392,6,28,9,1
291,1,1,2,0
966,10,20,10,1
40,1,5,0,0
614,0,0,3,1
222,2,0,5,0
442,0,23,5,1
191,1,0,2,0
36,2,2,6,0
282,2,1,0,0
100,3,21,1,1
943,10,7,7,1
183,5,24,9,1
207,0,0,2,0
399,5,23,5,1
168,0,0,1,0
66,3,18,8,1
287,2,0,0,0
103,2,2,2,0
167,9,9,4,1
220,2,1,1,0
449,1,3,1,0
825,3,22,10,1
714,10,19,3,1
479,2,2,5,0
250,2,8,1,0
181,2,0,2,0
533,4,5,5,1
540,7,28,10,1
236,8,19,7,1
59,5,3,1,0
93,1,3,0,0
183,0,2,0,0
820,3,20,6,1
278,7,18,10,1
568,8,20,0,1
137,4,2,0,0
37,2,2,2,0
83,2,23,3,1
280,1,0,1,0
309,0,26,8,1
216,1,1,2,0
51,2,24,3,1
73,8,11,9,1
627,8,8,6,1
286,0,3,2,0
161,5,5,0,0
140,0,2,1,0
278,0,1,4,0
456,7,24,9,1
176,5,4,4,1
290,1,3,6,0
328,2,23,3,1
979,5,1,7,1
226,0,2,2,0
293,10,19,2,1
551,0,21,8,1
432,2,2,4,0
352,0,1,2,0
996,4,19,3,1
180,0,25,10,1
363,0,2,0,0
268,0,1,0,0
110,6,10,8,1
694,5,11,1,1
50,4,1,1,0
131,10,16,7,1
156,2,3,2,0
253,2,6,2,0
733,7,9,9,1
193,2,3,1,0
710,2,6,7,1
159,2,6,8,1
78,2,3,2,0
20,3,2,1,0
879,5,7,8,1
632,4,24,4,1
37,1,2,2,0
145,2,3,0,0
25,0,2,0,0
933,8,0,3,1
237,1,9,2,0
243,1,3,0,0
587,6,1,10,1
665,6,23,2,1
201,2,1,2,0
302,2,2,2,0
420,3,20,1,1
93,9,22,1,1
321,9,11,6,1
431,9,21,2,1
323,3,25,3,1
736,3,3,9,1
96,1,0,2,0
109,2,1,2,0
151,2,9,9,1
245,5,2,0,0
661,4,21,4,1
56,2,0,0,0
431,4,5,5,1
639,2,2,5,1
130,1,1,0,0
269,3,0,2,0
180,1,2,0,0
97,10,6,7,1
123,1,3,1,0
140,1,2,2,0
115,2,6,0,1
175,1,3,1,0
47,2,0,2,0
71,6,14,5,1
116,2,5,0,0
613,6,5,9,1
699,3,5,3,1
162,3,3,5,0
333,2,2,4,0
156,2,2,1,0
209,2,0,1,0
574,4,27,8,1
640,5,4,5,1
590,5,5,8,1
216,1,0,5,0
101,1,14,6,1
94,9,7,1,1
199,5,17,2,1
238,1,7,2,0
237,1,1,1,0
182,9,27,0,1
832,8,2,10,1
286,0,9,1,0
45,0,2,0,0
485,1,2,1,0
213,7,7,2,1
241,2,2,2,0
383,1,1,0,0
192,2,3,2,0
205,5,16,7,1
770,0,15,7,1
57,2,0,4,0
108,4,16,9,1
156,2,4,8,1
78,2,3,2,0
612,7,16,0,1
87,3,0,2,0
497,3,5,7,1
86,5,27,8,1
238,2,2,1,0
757,8,0,6,1
122,4,0,4,0
856,3,1,6,1
429,4,21,9,1
453,1,7,0,1
862,3,5,5,1
69,7,27,6,1
244,2,0,0,0
161,4,22,3,1
611,4,21,5,1
281,0,30,4,1
764,3,13,3,1
294,1,0,1,0
349,7,4,1,1
982,6,8,8,1
200,2,2,5,0
174,1,4,2,0
165,2,3,5,0
400,0,0,1,0
177,10,11,7,1
860,6,26,8,1
601,5,14,0,1
252,2,2,2,0
120,5,15,5,1
146,0,3,0,0
426,1,3,1,0
95,1,3,1,0
906,2,2,2,1
658,3,16,10,1
182,1,1,1,0
395,5,3,10,1
306,0,26,10,1
601,7,3,5,1
244,2,2,4,0
241,1,5,1,0
336,3,3,4,0
438,1,1,1,0
122,2,2,2,0
459,7,27,3,1
125,2,3,6,0
72,2,3,2,0
20,2,2,0,0
238,0,10,0,0
49,0,8,1,0
161,3,3,0,0
503,10,13,3,1
211,5,3,1,0
644,2,23,6,1
100,1,1,1,0
151,1,2,6,0
101,2,3,1,0
336,4,2,0,0
127,0,3,6,0
61,4,17,3,1
206,5,3,1,0
211,1,2,4,0
367,3,2,2,0
118,9,13,10,1
122,0,8,1,1
256,2,3,1,0
277,1,1,0,0
360,3,0,1,0
902,7,9,1,1
355,1,27,6,1
191,6,10,9,1
836,1,0,7,1
232,1,0,1,0
505,4,25,6,1
281,2,7,2,0
62,0,3,3,0
41,2,0,2,0
64,1,2,0,0
195,4,3,8,1
445,2,3,2,0
292,0,1,0,0
243,4,14,3,1
224,10,29,10,1
206,4,20,6,1
616,4,30,5,1
99,2,2,2,0
393,7,20,4,1
229,3,24,6,1
742,6,23,6,1
640,9,15,8,1
794,0,27,6,1
103,1,2,1,0
202,1,5,3,0
76,2,2,2,0
750,10,9,3,1
857,2,25,0,1
62,1,1,2,0
510,2,30,7,1
882,0,0,9,1
909,9,12,7,1
254,1,1,0,0
474,6,7,7,1
153,2,0,4,0
380,2,5,2,0
171,0,3,1,0
81,0,2,2,0
415,2,3,1,0
180,9,3,10,1
203,2,2,0,0
44,0,3,4,0
159,5,1,2,0
48,1,1,0,0
142,1,21,0,1
383,0,3,1,0
158,6,19,1,1
330,1,3,3,1
215,1,1,0,0
172,0,0,6,0
177,2,13,8,1
171,4,3,0,0
322,5,2,1,0
355,1,4,6,0
31,5,1,6,0
172,3,1,1,0
149,1,0,1,0
937,2,10,7,1
121,3,3,5,1
665,9,15,8,1
937,8,7,8,1
197,0,3,0,0
395,0,0,3,0
287,1,8,2,0
256,4,3,8,1
532,9,15,10,1
202,0,2,0,0
235,0,0,1,0
826,7,5,0,1
98,5,14,5,1
114,4,6,7,1
269,1,8,0,0
57,0,1,1,0
130,0,0,0,0
459,1,0,2,0
158,9,25,9,1
938,9,6,3,1
58,4,3,2,0
199,2,2,1,0
490,0,1,6,0
850,6,4,3,1
240,0,2,1,0
124,1,9,0,0
168,0,7,10,1
88,1,25,10,1
191,2,0,2,0
593,4,20,3,1
701,1,23,7,1
146,5,10,5,0
99,0,1,1,0
540,6,8,8,1
888,2,8,5,1
644,2,16,2,1
273,0,1,2,0
215,2,0,1,0
233,0,3,2,0
181,1,4,3,0
208,7,15,10,1
103,1,3,1,0
218,3,12,10,1
342,1,2,0,0
284,2,6,1,0
158,0,11,6,1
257,1,10,1,0
239,2,7,2,0
895,4,22,2,1
153,8,24,5,1
361,3,14,10,1
60,1,7,3,0
127,9,2,7,1
89,4,26,4,1
187,0,2,2,0
65,2,2,2,0
384,1,12,6,1
302,9,22,8,1
151,2,1,0,0
611,4,22,4,1
250,2,0,1,0
849,2,8,1,1
125,6,24,5,1
610,4,25,3,1
146,1,3,2,0
529,5,9,7,1
147,1,3,0,0
814,7,7,7,1
236,2,1,2,0
92,3,29,10,1
153,4,1,1,0
139,1,0,1,0
68,1,1,2,0
114,0,8,1,0
267,5,2,1,0
241,4,5,6,1
217,1,22,4,1
337,9,25,4,1
302,2,1,0,0
369,2,4,6,0
183,9,5,9,1
35,2,0,2,0
198,2,9,2,0
287,4,2,0,0
828,4,17,1,1
402,1,1,1,0
793,3,20,3,1
87,0,3,0,0
143,0,4,0,0
159,2,1,2,0
412,1,2,2,0
103,0,0,1,0
838,2,6,9,1
247,3,3,8,1
621,10,28,2,1
87,0,1,0,0
77,2,0,0,0
131,8,10,3,1
57,7,5,1,1
165,1,2,1,0
137,3,3,2,0
215,1,5,2,0
250,2,3,1,0
735,7,16,2,1
259,4,0,1,0
241,5,26,3,1
595,0,27,6,1
145,1,5,5,0
448,9,10,9,1
858,8,8,4,1
122,2,2,2,0
402,2,3,2,0
258,1,1,1,0
645,6,3,8,1
37,1,3,2,0
212,4,3,0,0
141,0,12,4,1
188,2,2,1,0
175,0,0,1,0
93,1,5,1,0
375,2,0,0,0
119,2,10,1,0
557,2,25,1,1
166,2,1,2,0
176,1,6,2,0
178,8,22,10,1
203,2,2,5,0
184,6,13,3,1
291,2,2,4,0
190,4,5,3,1
90,2,21,6,1
971,10,19,4,1
559,5,28,9,1
134,4,29,7,1
910,7,24,4,1
296,2,3,1,0
99,0,1,1,0
33,1,3,1,0
174,4,3,4,0
183,8,13,9,1
143,4,21,2,1
761,5,29,7,1
275,9,3,5,1
474,7,27,5,1
81,1,3,1,0
762,2,25,2,1
254,4,4,8,1
184,2,0,0,0
573,10,30,3,1
616,7,5,4,1
257,3,1,1,0
765,4,6,10,1
118,1,3,0,0
30,5,3,1,0
222,4,3,2,0
50,0,1,0,0
168,2,7,2,0
56,9,11,8,1
140,1,3,4,0
388,3,21,9,1
22,1,1,2,0
105,10,15,3,1
83,2,16,3,1
856,6,4,4,1
89,1,2,1,0
497,1,8,1,0
333,10,13,6,1
254,0,1,1,0
137,7,18,7,1
431,6,15,9,1
277,9,24,8,1
622,5,1,7,1
254,5,3,2,0
840,7,24,5,1
127,4,3,1,0
108,1,4,0,0
672,10,7,10,1
414,8,11,10,1
294,1,2,1,0
932,6,7,5,1
57,2,0,5,0
194,2,5,1,0
244,2,1,7,1
488,2,0,1,0
359,0,0,0,1
228,1,3,2,0
889,2,24,10,1
405,1,1,2,0
718,5,11,9,1
304,3,25,8,1
166,2,5,4,1
189,0,2,0,0
297,2,0,1,0
240,8,0,9,1
971,0,13,3,1
153,5,10,0,0
112,1,2,2,0
466,2,1,0,0
49,1,2,1,0
109,1,3,0,0
191,1,1,2,0
98,2,0,2,0
144,5,29,6,1
116,3,30,3,1
68,2,3,2,0
125,0,0,0,0
187,8,15,6,1
59,4,1,2,0
140,0,2,1,0
991,5,26,3,1
96,2,0,0,0
164,2,26,10,1
348,6,1,7,1
807,7,22,4,1
72,2,1,2,0
228,2,8,6,0
577,3,19,5,1
396,4,16,4,1
628,2,15,4,1
307,9,17,4,1
163,3,1,4,0
469,7,2,10,1
351,2,23,0,1
150,5,1,7,1
299,1,2,0,0
226,3,5,5,1
92,0,3,0,0
710,8,12,9,1
46,0,3,2,0
110,9,12,0,1
739,5,5,5,1
229,2,3,0,0
244,6,6,3,1
482,3,16,6,1
113,10,9,6,1
220,5,3,1,0
171,1,7,0,0
299,7,10,8,1
210,2,1,0,0
696,4,3,3,1
247,2,4,1,0
156,1,3,2,0
476,2,3,3,0
65,1,5,2,0
748,10,17,1,1
173,2,1,5,0
870,7,1,10,1
754,2,12,5,1
123,9,2,6,1
108,10,24,10,1
33,1,2,2,0
162,2,3,5,0
364,10,11,1,1
124,2,0,2,0
495,1,1,3,0
87,0,3,2,0
474,8,23,6,1
188,7,10,7,1
743,3,4,1,1
119,1,0,3,0
870,3,20,3,1
910,9,9,5,1
170,5,1,0,0
465,6,12,6,1
756,3,28,9,1
908,2,29,9,1
85,9,7,3,1
379,2,11,8,1
168,9,22,0,1
897,9,23,10,1
66,0,0,2,0
212,9,26,7,1
749,4,1,10,1
192,9,5,10,1
103,8,6,10,1
73,4,3,0,0
318,4,25,6,1
45,0,2,2,0
749,8,26,9,1
652,3,26,1,1
878,5,4,5,1
459,1,0,2,0
300,0,1,1,0
47,3,1,5,0
149,3,5,10,1
30,0,1,1,0
159,0,0,0,0
187,5,23,10,1
145,0,0,1,0
642,5,6,6,1
299,5,27,10,1
996,9,2,8,1
259,1,3,0,0
542,2,12,3,1
452,3,14,4,1
782,1,14,5,1
169,9,12,8,1
202,3,8,6,1
268,2,2,1,0
69,0,2,2,0
452,4,20,5,1
281,2,1,1,0
27,1,2,2,0
438,7,5,6,1
579,9,17,7,1
189,4,8,9,1
929,7,19,1,1
119,0,3,1,0
286,1,1,0,0
177,3,19,4,1
769,10,3,5,1
429,7,26,10,1
134,4,15,7,1
748,3,22,3,1
268,0,2,1,0
226,4,8,9,1
65,0,4,2,0
141,10,29,5,1
82,1,3,2,0
99,1,0,2,0
54,4,3,1,0
254,1,0,2,0
253,2,0,0,0
170,2,11,10,1
54,0,3,1,0
291,9,22,6,1
127,3,24,5,1
637,5,8,10,1
359,2,1,0,0
277,1,6,4,1
171,1,2,0,0
858,7,20,1,1
22,0,3,3,0
231,4,0,1,0
196,0,3,4,0
93,0,3,2,0
239,0,1,2,0
241,2,3,1,0
248,2,1,1,0
780,3,7,8,1
246,0,1,2,0
165,1,2,0,0
28,1,2,0,0
623,8,10,2,1
302,7,15,0,1
270,0,4,5,0
398,1,0,1,0
240,0,3,5,0
599,7,9,9,1
105,1,2,2,0
206,0,2,2,0
758,2,21,3,1
76,1,2,0,0
197,3,3,2,0
910,8,4,1,1
48,0,1,5,0
805,10,3,1,1
168,3,18,7,1
467,8,1,8,1
290,0,3,6,0
231,0,4,2,0
142,9,8,8,1
706,0,17,6,1
878,2,4,7,1
181,8,6,6,1
702,2,4,7,1
287,1,3,1,0
134,8,21,1,1
175,1,1,0,0
219,1,8,1,1
708,3,7,8,1
162,5,5,9,1
22,1,3,4,0
209,0,2,1,0
136,6,18,4,1
786,8,9,0,1
138,0,0,2,0
246,2,2,2,0
212,2,0,0,0
103,4,0,2,0
393,5,1,1,0
400,3,29,8,1
35,5,1,1,0
28,1,2,2,0
730,0,19,8,1
290,0,1,1,0
614,0,16,5,1
213,0,1,5,1
843,5,8,5,1
282,0,5,6,0
90,4,27,10,1
288,3,1,1,0
435,9,6,5,1
171,3,15,6,1
115,10,29,8,1
233,1,0,1,0
778,3,10,3,1
83,0,3,2,0
211,1,9,0,0
983,5,4,7,1
335,4,21,9,1
72,1,1,2,0
489,6,15,6,1
160,5,16,5,1
239,4,15,5,1
149,1,0,1,0
281,1,2,1,0
97,2,1,1,0
268,2,1,1,0
526,8,23,9,1
504,2,29,7,1
959,3,28,4,1
298,2,6,1,0
193,7,18,1,1
483,0,2,6,0
290,1,0,0,0
265,2,1,2,0
121,2,10,3,1
533,2,5,4,1
168,1,2,0,0
846,3,16,5,1
96,7,5,10,1
520,3,24,0,1
232,2,30,6,1
139,8,2,0,1
124,9,7,5,1
59,0,2,1,0
220,4,3,1,0
243,2,0,0,0
46,2,3,1,0
33,1,2,2,0
171,1,0,5,1
157,1,1,1,0
527,4,20,9,1
489,5,28,0,1
355,1,15,5,1
185,3,3,3,0
125,1,1,0,0
220,1,3,0,0
375,5,24,1,1
183,2,0,1,0
212,10,6,3,1
86,0,0,1,0
995,10,7,9,1
919,0,16,8,1
192,3,16,3,1
959,5,21,5,1
846,3,22,7,1
90,2,1,1,0
470,2,0,3,0
777,3,28,3,1
223,0,0,2,0
299,0,8,0,0
259,10,20,7,1
150,2,3,1,0
511,3,26,5,1
156,8,24,2,1
225,2,8,2,0
823,5,9,9,1
865,5,7,3,1
112,3,12,3,1
50,9,7,5,1
178,0,1,0,0
314,0,2,0,0
243,1,1,5,0
170,2,16,5,1
309,2,26,7,1
68,1,3,0,0
372,1,2,2,0
107,4,18,8,1
59,1,3,2,0
151,9,23,6,1
149,3,1,2,0
773,7,1,4,1
426,1,0,0,0
243,0,3,2,0
129,1,3,4,0
476,10,11,8,1
244,1,0,0,0
251,3,4,2,0
60,2,3,2,0
111,2,0,3,0
114,0,0,0,0
169,0,2,3,0
482,6,10,4,1
146,4,0,6,0
465,4,12,4,1
225,2,27,10,1
207,0,4,0,0
150,2,10,1,0
767,5,4,6,1
539,4,4,3,1
334,5,5,9,1
29,0,2,0,0
193,0,0,2,0
822,9,20,5,1
598,9,20,6,1
229,0,4,1,0
181,0,4,1,0
161,5,8,6,1
74,2,3,0,0
153,4,3,2,0
206,1,1,2,0
291,0,3,0,0
136,1,3,5,0
258,2,0,0,0
41,1,3,3,0
290,0,9,3,0
508,5,24,8,1
222,1,2,0,0
820,10,5,9,1
177,6,20,3,1
233,0,0,1,0
91,2,2,2,0
126,1,2,1,0
690,2,11,8,1
943,10,24,9,1
900,7,17,5,1
95,2,3,0,0
993,3,29,3,1
724,6,0,10,1
115,1,5,0,0
795,5,14,1,1
250,4,19,5,1
237,1,4,3,1
889,3,20,7,1
923,4,20,5,1
48,5,9,1,0
150,0,10,0,0
106,0,1,3,0
69,0,3,1,0
463,8,7,8,1
51,2,4,2,0
199,2,8,2,0
132,5,3,1,0
294,0,2,5,0
892,5,6,5,1
657,1,17,3,1
183,2,0,1,0
82,3,17,6,1
21,0,2,1,0
90,8,23,6,1
158,3,10,5,1
276,4,3,1,0
82,7,28,9,1
38,1,3,2,0
218,6,18,9,1
811,8,27,10,1
376,2,26,7,1
172,2,11,10,1
394,8,1,3,1
874,6,25,4,1
177,2,2,1,0
414,5,2,7,1
253,2,1,1,0
432,0,2,0,0
156,1,1,1,0
797,8,20,6,1
519,6,5,10,1
390,7,26,5,1
283,3,11,9,1
174,1,0,4,1
843,10,3,5,1
194,10,27,5,1
651,10,1,9,1
256,0,1,1,0
387,3,19,3,1
222,2,0,2,0
696,7,30,3,1
385,3,25,8,1
374,3,17,3,1
259,1,7,2,0
255,1,0,1,0
284,9,26,0,1
529,3,0,8,1
210,0,10,0,0
359,0,2,2,0
167,0,0,1,0
82,6,22,1,1
174,4,14,8,1
369,0,3,2,0
133,4,23,3,1
26,0,6,3,0
165,0,1,1,0
292,0,0,5,0
156,2,2,1,0
761,3,8,4,1
223,7,21,3,1
67,8,23,7,1
638,5,29,8,1
150,4,16,0,1
388,5,17,5,1
140,10,21,9,1
238,3,11,9,1
754,6,17,9,1
184,5,27,10,1
351,1,0,0,0
289,0,2,3,0
106,1,0,2,0
28,1,2,2,0
275,2,2,2,0
93,1,5,2,0
899,2,21,7,1
979,2,19,6,1
142,0,0,2,0
997,0,6,6,1
698,8,14,0,1
301,1,9,2,0
364,3,23,6,1
293,1,3,0,0
757,7,19,6,1
240,1,1,1,0
155,4,15,10,1
679,3,16,5,1
743,6,7,0,1
192,0,17,7,1
392,7,10,2,1
530,10,21,7,1
89,5,15,9,1
723,2,3,5,1
600,8,15,6,1
338,6,25,4,1
454,4,15,2,1
45,0,0,5,0
152,5,23,6,1
97,2,29,10,1
337,1,4,3,1
117,2,3,4,0
214,2,0,6,0
66,0,1,0,0
236,0,1,3,0
210,0,3,0,0
118,3,23,1,1
260,1,1,1,0
574,7,0,10,1
498,3,10,4,1
47,1,1,0,0
590,2,30,8,1
182,0,1,1,0
151,10,8,1,1
130,1,2,5,0
82,2,0,1,0
145,2,2,0,0
343,10,21,9,1
202,1,1,2,0
243,8,30,7,1
278,4,0,0,0
888,2,10,0,1
515,7,29,2,1
303,8,23,8,1
495,10,30,10,1
312,2,2,2,0
643,5,27,6,1
225,4,10,2,0
166,0,9,0,0
147,5,0,2,0
160,0,3,2,0
132,2,2,6,0
206,1,1,0,0
127,2,30,4,1
190,3,2,4,0
615,9,7,6,1
95,8,13,3,1
76,5,0,2,0
153,0,3,1,0
20,1,2,2,0
244,0,0,0,0
237,2,3,6,0
162,4,1,4,0
132,0,0,1,0
41,0,1,2,0
29,4,3,5,0
38,1,2,1,0
205,4,3,3,1
170,2,9,10,1
82,5,30,8,1
316,2,13,8,1
955,8,30,7,1
356,10,17,4,1
429,1,2,2,0
163,5,0,1,0
776,3,30,3,1
108,6,9,2,1
288,5,3,0,0
186,0,4,0,0
130,8,18,8,1
184,8,2,6,1
32,0,2,1,0
81,5,23,3,1
701,4,7,7,1
78,3,3,9,1
207,0,3,1,0
299,0,2,0,0
133,0,20,6,1
671,6,18,0,1
891,9,28,0,1
935,5,28,5,1
72,2,0,2,0
596,9,29,7,1
153,5,13,3,1
567,1,16,4,1
306,5,8,0,0
34,2,6,2,0
119,0,27,7,1
960,9,19,8,1
415,5,3,1,0
195,1,0,0,0
245,1,3,1,0
655,7,10,1,1
21,2,1,1,0
212,4,1,10,1
131,0,3,2,0
781,8,16,7,1
623,3,15,10,1
36,2,1,0,0
439,3,27,9,1
418,7,20,3,1
220,2,2,1,0
219,0,2,1,0
57,1,2,0,0
50,0,3,4,1
212,2,0,6,0
146,0,2,1,0
261,2,0,2,0
743,10,15,10,1
102,6,19,7,1
703,4,6,10,1
652,10,12,6,1
638,9,1,6,1
699,7,7,6,1
558,0,10,5,1
859,8,15,0,1
259,7,0,5,1
273,2,10,2,0
246,2,2,0,0
251,5,5,0,0
23,3,0,1,0
190,2,0,1,0
63,6,9,8,1
214,2,0,0,0
337,3,9,7,1
170,2,2,2,0
138,0,3,0,0
43,0,5,1,0
130,0,4,2,0
166,2,0,1,0
101,1,2,2,0
349,10,25,6,1
134,2,1,2,0
192,1,1,1,0
152,2,1,2,0
157,2,0,2,0
102,2,0,2,0
143,6,20,3,1
250,3,7,0,0
750,8,5,10,1
536,9,5,10,1
543,1,4,10,1
110,1,18,9,1
260,2,2,0,0
279,2,1,1,0
165,4,3,1,0
35,0,1,0,0
521,7,25,2,1
133,0,10,2,0
79,0,3,2,0
78,2,0,2,0
277,2,1,2,0
180,5,7,10,1
502,10,27,6,1
168,3,27,5,1
89,4,2,2,0
757,9,12,7,1
299,1,2,2,0
181,0,2,2,0
204,3,1,2,0
602,10,30,5,1
155,2,17,5,1
160,3,2,9,1
244,2,0,1,0
83,1,0,0,0
333,3,5,4,1
387,0,2,0,0
127,5,23,10,1
646,4,5,7,1
265,0,4,3,0
125,2,6,0,0
135,5,3,0,0
284,2,3,1,0
105,1,3,5,0
199,4,24,8,1
709,4,0,3,1
165,1,3,2,0
198,2,2,0,0
792,2,18,3,1
131,5,26,3,1
207,6,2,5,1
51,5,7,2,0
374,10,30,5,1
124,2,0,8,1
473,10,11,4,1
64,1,4,2,0
475,0,0,2,0
531,3,17,7,1
168,2,1,4,0
494,1,2,0,0
299,1,8,2,0
454,2,0,5,0
812,7,11,6,1
79,4,25,6,1
959,2,30,6,1
275,2,0,0,0
281,1,2,0,0
106,3,3,1,0
788,7,25,10,1
479,1,0,1,0
148,3,5,1,0
70,2,5,2,0
788,1,29,5,1
277,2,0,5,0
20,1,3,0,0
357,9,16,1,1
296,2,1,2,0
170,10,26,6,1
234,2,2,1,0
523,10,19,10,1
614,9,21,4,1
454,3,7,2,1
679,10,7,6,1
279,6,10,7,1
730,3,17,10,1
176,1,8,1,0
455,2,3,1,0
266,2,5,4,0
210,10,21,4,1
231,2,0,2,0
203,0,7,2,0
551,3,29,6,1
227,3,1,1,0
155,5,9,2,0
217,0,9,2,0
399,0,3,2,0
188,2,24,8,1
755,10,26,5,1
196,0,1,2,0
189,10,26,4,1
239,0,4,2,0
750,2,13,6,1
238,1,0,0,0
735,5,20,5,1
268,0,2,2,0
280,2,2,2,0
715,9,28,5,1
83,4,2,0,0
957,1,10,3,1
707,3,23,8,1
285,0,3,1,0
206,3,1,1,0
721,5,19,1,1
299,2,6,7,1
291,1,2,4,0
92,0,3,1,0
151,2,3,6,0
156,1,0,2,0
382,5,4,9,1
560,5,17,3,1
454,9,27,9,1
141,0,1,1,0
255,8,21,9,1
631,2,30,4,1
151,1,3,2,0
296,2,1,1,0
100,2,0,2,0
404,1,2,6,0
218,2,3,1,0
251,3,27,6,1
32,0,3,1,0
331,0,3,2,0
469,4,3,5,1
46,2,1,0,0
591,9,7,4,1
216,0,8,2,0
43,0,1,1,0
129,10,1,5,1
102,2,0,0,0
447,1,8,2,0
288,2,2,2,0
476,0,1,2,0
461,1,2,0,0
957,1,9,2,1
121,0,27,4,1
45,1,2,1,0
121,7,5,8,1
100,7,20,5,1
341,6,28,6,1
173,2,18,6,1
78,5,3,2,0
816,0,20,7,1
749,1,4,3,1
123,3,2,2,0
70,5,13,6,1
142,2,1,0,0
76,0,7,6,0
52,1,1,2,0
504,3,0,10,1
294,4,15,9,1
176,4,5,5,1
100,2,1,2,0
208,2,1,0,0
118,2,1,0,0
988,8,16,2,1
224,1,1,3,0
216,1,0,1,0
759,2,1,2,1
106,10,11,10,1
468,7,20,0,1
888,7,9,8,1
630,8,27,5,1
269,4,1,2,0
100,3,27,10,1
958,2,19,4,1
148,0,1,6,0
37,1,9,1,0
923,4,22,6,1
109,1,1,0,0
132,3,5,10,1
246,9,19,3,1
193,4,1,2,0
192,1,0,2,0
300,10,30,7,1
434,8,20,9,1
171,1,1,1,0
735,7,30,1,1
29,2,3,5,0
276,5,27,2,1
517,6,6,7,1
314,8,28,2,1
427,3,16,6,1
679,7,14,7,1
676,4,9,4,1
300,1,1,5,0
165,1,0,0,0
153,1,8,2,0
758,7,28,0,1
64,9,10,6,1
193,6,5,2,1
180,10,23,6,1
247,1,1,4,0
159,5,0,2,0
452,6,12,6,1
134,2,22,9,1
120,7,5,2,1
397,2,11,1,1
442,4,2,10,1
872,10,17,8,1
33,2,0,5,0
271,1,3,6,0
941,5,16,4,1
67,5,2,2,0
417,5,13,8,1
294,7,27,3,1
376,0,7,5,1
992,2,7,1,1
289,2,3,0,0
269,5,2,1,0
261,1,3,0,0
202,1,1,2,0
75,3,7,6,1
293,6,27,10,1
159,0,1,2,0
875,8,9,0,1
269,0,3,2,0
123,1,2,0,0
61,1,2,1,0
476,2,1,9,1
31,0,3,2,0
288,1,2,4,0
736,2,25,5,1
161,4,4,1,1
416,2,0,2,0
102,4,27,10,1
107,6,14,3,1
38,1,3,2,0
641,1,8,7,1
803,10,1,8,1
128,2,1,3,1
258,2,2,4,0
212,5,2,0,0
115,4,10,0,0
174,10,18,7,1
402,2,3,2,0
589,2,3,10,1
296,1,0,1,0
184,2,1,1,0
174,4,7,2,0
28,0,1,0,0
865,10,5,6,1
176,0,2,0,0
610,8,20,5,1
618,6,20,10,1
102,2,0,2,0
379,0,1,0,0
819,9,15,4,1
505,10,3,6,1
74,0,1,1,0
552,0,13,4,1
209,0,2,2,0
470,1,3,1,0
210,3,5,0,0
926,3,22,5,1
170,2,1,2,0
184,2,4,1,0
294,2,3,3,0
187,2,4,3,0
63,1,0,2,0
897,7,4,10,1
197,3,3,2,0
983,3,14,5,1
214,0,1,2,0
180,7,21,4,1
32,1,3,1,0
116,5,24,10,1
158,0,0,5,0
113,6,18,3,1
130,2,1,6,0
275,8,1,6,1
295,0,2,1,0
344,1,0,0,0
36,0,3,2,0
70,9,17,1,1
209,1,2,0,0
130,2,0,0,0
610,8,18,3,1
118,1,1,2,0
172,4,18,7,1
106,1,3,0,0
792,3,28,9,1
167,2,3,4,0
485,1,0,2,0
148,1,0,2,0
263,2,3,0,0
184,5,1,2,0
240,1,0,2,0
300,5,3,6,1
607,9,11,1,1
237,0,6,0,0
718,6,8,4,1
205,1,0,2,0
493,3,0,2,0
99,4,2,0,0
465,2,3,2,0
158,2,21,1,1
58,3,1,10,1
516,9,2,4,1
549,3,22,5,1
155,2,8,1,0
179,2,29,6,1
218,2,2,0,0
97,1,2,0,0
667,1,1,7,1
909,1,2,3,1
49,0,3,2,0
175,1,13,6,1
97,0,3,0,0
798,5,12,7,1
111,1,20,6,1
836,1,24,8,1
295,0,1,0,0
23,0,1,6,0
241,2,5,4,1
207,2,9,2,0
973,9,27,9,1
188,1,0,2,0
288,7,18,3,1
451,1,2,1,0
265,2,1,0,0
39,2,1,0,0
658,6,27,10,1
194,0,3,1,0
272,0,1,2,0
79,2,3,6,0
206,0,0,0,0
163,0,7,1,0
545,4,4,8,1
197,6,14,4,1
893,9,6,10,1
452,5,24,3,1
45,2,3,4,0
214,1,2,1,0
363,1,1,2,0
200,1,18,6,1
290,1,2,2,0
71,1,24,9,1
137,2,2,2,0
166,4,1,2,0
538,3,20,5,1
343,5,5,0,0
101,3,0,1,1
167,0,8,1,0
421,10,9,3,1
182,2,0,2,0
946,7,16,10,1
614,9,19,7,1
322,9,22,9,1
132,3,23,3,1
301,1,21,3,1
143,9,27,4,1
394,8,27,9,1
877,9,20,5,1
57,8,15,6,1
180,1,4,1,0
149,2,0,1,0
827,1,26,10,1
223,0,0,0,0
35,0,1,1,0
170,0,2,1,0
230,0,3,2,0
138,9,5,9,1
47,5,0,0,0
459,2,0,1,0
31,1,2,1,0
799,9,1,8,1
415,3,19,9,1
427,2,2,1,0
364,6,20,3,1
258,0,2,2,0
213,1,3,0,0
183,1,23,3,1
744,10,3,7,1
720,5,9,3,1
43,2,1,1,0
988,8,13,10,1
28,4,1,1,0
82,3,1,10,1
663,6,22,9,1
507,0,21,8,1
878,7,25,3,1
58,2,1,0,0
211,0,18,0,1
295,2,1,1,0
406,0,1,0,0
117,7,9,10,1
182,1,0,0,0
239,2,26,10,1
214,1,2,3,0
841,4,15,9,1
894,4,11,2,1
32,0,4,2,0
262,0,3,0,0
474,9,19,7,1
722,10,17,1,1
279,5,2,2,0
84,3,7,2,0
95,6,8,7,1
349,3,6,10,1
356,2,1,8,1
943,7,30,4,1
144,1,4,0,0
109,2,10,0,1
101,5,0,8,1
159,2,2,1,0
959,9,28,10,1
260,0,3,5,0
329,1,2,1,0
284,2,3,4,0
192,7,13,4,1
360,2,27,8,1
214,1,2,1,0
174,5,6,2,0
468,0,0,0,0
318,2,3,0,0
623,4,25,3,1
648,7,21,4,1
92,1,2,0,0
93,1,0,2,0
211,1,0,0,0
82,3,26,9,1
112,2,2,0,0
138,0,3,2,0
548,5,2,10,1
750,3,18,3,1
937,3,20,4,1
78,0,1,2,0
262,2,2,2,0
190,9,18,8,1
456,5,13,2,1
646,4,25,9,1
179,0,1,2,0
764,6,14,10,1
155,1,1,6,0
451,10,30,6,1
119,9,9,10,1
574,9,1,5,1
238,2,2,5,0
47,1,8,1,0
419,1,2,0,0
341,2,19,8,1
116,10,25,7,1
213,0,0,2,0
48,1,0,0,0
538,2,16,0,1
647,5,17,10,1
132,0,1,0,0
357,6,15,7,1
992,1,18,1,1
972,7,13,5,1
21,2,3,1,0
193,2,2,1,0
742,7,6,3,1
513,4,4,1,1
273,2,0,3,0
210,0,0,1,0
344,9,1,1,1
174,1,28,6,1
464,5,0,2,0
917,6,2,3,1
588,7,12,4,1
268,5,5,6,1
293,2,1,1,0
808,6,14,3,1
671,7,7,9,1
22,5,1,0,0
237,3,0,6,0
177,0,0,0,0
272,0,3,0,0
107,10,11,1,1
277,1,2,4,0
219,1,2,2,0
343,4,13,7,1
174,2,2,3,0
214,0,3,1,0
185,2,21,6,1
397,1,1,2,0
146,0,1,2,0
107,3,29,10,1
282,1,1,1,0
580,3,26,3,1
249,0,2,4,0
176,1,0,0,0
253,0,3,1,0
143,2,1,1,0
684,0,19,2,1
232,0,3,1,0
314,9,7,4,1
189,1,2,1,0
202,2,0,0,0
177,1,1,2,0
219,2,9,2,0
195,2,28,3,1
394,9,5,5,1
133,3,20,1,1
108,10,20,5,1
159,1,1,1,0
280,0,7,0,0
104,1,3,1,0
99,10,8,7,1
741,3,13,10,1
755,9,6,6,1
1000,0,30,6,1
892,7,24,8,1
128,5,4,3,1
76,1,15,4,1
164,2,4,2,0
234,1,0,5,0
335,2,1,1,0
687,3,13,1,1
274,4,3,4,0
297,2,1,2,0
359,9,2,6,1
159,2,9,2,0
196,0,1,0,0
250,0,2,2,0
96,0,1,6,0
393,4,6,9,1
284,1,3,2,0
275,1,1,2,0
935,9,8,3,1
659,2,27,3,1
432,9,29,10,1
260,2,7,1,0
410,0,0,2,0
25,5,2,1,0
78,9,29,9,1
305,8,12,4,1
64,9,21,5,1
580,9,26,4,1
128,4,2,5,0
226,2,0,1,0
145,2,7,2,0
387,1,3,0,0
23,0,1,5,0
179,4,1,2,0
471,2,9,6,1
283,0,0,1,0
50,10,0,4,1
179,5,7,8,1
339,2,1,2,0
193,2,0,0,0
274,0,1,1,0
101,8,29,7,1
172,3,2,2,0
76,4,8,8,1
177,2,3,1,0
327,9,11,9,1
25,2,7,0,0
161,2,1,1,0
842,2,16,4,1
807,7,3,7,1
383,8,0,0,1
179,2,3,0,0
207,0,9,1,0
403,3,4,4,1
174,2,1,1,0
255,2,0,0,0
195,9,0,8,1
34,0,0,2,0
221,1,2,0,0
487,0,2,1,0
554,5,7,6,1
930,0,5,7,1
259,8,21,9,1
217,0,3,0,0
151,3,11,4,1
649,9,5,9,1
891,8,5,2,1
333,2,0,2,0
573,2,27,5,1
546,10,10,3,1
165,1,10,1,0
66,2,0,6,0
21,0,6,1,0
220,1,2,2,0
217,0,1,1,0
142,9,24,10,1
327,7,0,9,1
60,0,0,0,0
148,2,7,1,0
37,0,2,1,0
745,10,18,6,1
630,6,22,4,1
913,8,3,8,1
635,7,23,1,1
163,2,25,3,1
212,1,3,1,0
117,2,0,2,0
108,1,2,0,0
268,4,1,1,0
214,2,3,0,0
218,2,0,4,0
717,1,2,2,1
78,0,7,1,0
401,0,3,2,0
640,3,16,2,1
741,2,21,8,1
163,1,1,3,0
409,5,16,2,1
220,2,1,1,0
91,0,1,0,0
166,1,2,0,0
252,1,2,2,0
51,2,6,3,1
113,3,3,1,0
338,0,0,0,0
178,1,2,2,0
699,2,24,5,1
256,2,3,2,0
221,1,5,2,0
223,1,0,5,0
30,1,3,0,0
254,0,3,1,0
383,10,10,1,1
194,1,3,1,0
83,1,1,0,0
149,1,3,2,0
482,2,1,2,0
132,2,5,6,0
819,8,14,7,1
447,10,5,4,1
744,7,17,0,1
208,1,2,2,0
211,1,0,2,0
111,0,3,3,0
162,8,12,8,1
220,1,0,0,0
226,5,8,2,0
48,2,0,5,0
474,4,13,3,1
637,3,30,1,1
252,2,0,0,0
995,2,16,7,1
385,4,2,6,1
262,1,2,0,0
170,0,3,1,0
231,4,2,2,0
304,1,7,0,0
200,5,3,2,0
785,4,22,6,1
382,1,14,0,1
59,0,1,2,0
313,10,28,10,1
431,1,1,2,0
261,1,4,1,0
194,2,2,4,0
115,6,20,3,1
825,6,21,8,1
192,3,13,5,1
610,7,4,5,1
197,9,6,3,1
316,8,11,8,1
249,7,6,3,1
110,0,3,1,0
228,1,0,0,0
103,4,3,7,1
165,5,23,0,1
209,0,8,1,0
154,5,0,2,0
185,0,3,1,0
197,2,3,1,0
178,2,1,2,0
734,5,20,5,1
714,2,16,9,1
879,0,12,1,1
182,2,15,8,1
243,5,9,4,1
89,1,3,2,0
76,4,0,2,0
827,0,26,2,1
672,6,16,7,1
92,1,3,1,0
233,3,26,5,1
157,0,23,8,1
823,4,7,10,1
210,2,6,3,1
982,4,15,5,1
206,1,0,1,0
278,10,11,6,1
168,4,13,2,1
59,0,20,7,1
358,0,21,6,1
162,0,3,1,0
158,10,26,4,1
835,5,18,10,1
495,6,4,9,1
905,4,5,8,1
285,2,6,2,0
296,3,17,0,1
124,1,2,1,0
170,8,23,4,1
888,8,5,6,1
867,1,3,4,1
448,2,11,0,1
133,0,1,0,0
275,2,3,0,0
26,1,2,1,0
286,3,23,3,1
50,0,1,2,0
273,1,0,2,0
489,2,1,0,0
655,1,28,3,1
192,2,30,7,1
134,9,2,6,1
313,1,10,2,0
285,2,3,1,0
331,3,1,5,1
71,1,2,2,0
288,0,3,2,0
180,1,1,2,0
292,1,2,1,0
613,2,10,9,1
208,2,8,1,0
588,3,11,6,1
359,0,1,6,1
78,6,17,6,1
889,3,16,8,1
231,1,2,6,0
200,0,0,2,0
172,0,0,3,0
152,1,3,2,0
269,0,15,5,1
26,2,1,1,0
120,0,2,0,0
65,7,28,10,1
55,7,22,10,1
249,1,3,1,0
138,6,13,5,1
559,10,21,10,1
189,0,2,6,0
860,9,13,10,1
491,3,2,2,0
151,1,3,6,0
242,1,1,3,0
443,0,0,1,0
162,7,30,10,1
269,3,0,1,0
59,2,13,9,1
142,2,10,3,1
189,2,26,1,1
596,1,3,5,1
168,5,5,3,1
80,2,0,2,0
401,0,1,0,0
880,8,24,10,1
195,2,0,0,0
44,0,0,6,0
97,7,4,6,1
142,0,1,10,1
451,2,18,7,1
106,0,3,0,0
848,2,1,4,1
274,4,0,2,0
203,0,2,6,0
118,1,3,0,0
94,3,2,2,0
430,8,18,6,1
242,0,0,2,0
160,2,1,2,0
335,0,10,9,1
688,8,6,1,1
559,4,19,4,1
107,0,2,0,0
103,10,5,7,1
143,8,30,6,1
171,1,3,1,0
788,3,0,8,1
472,2,1,2,0
224,1,0,2,0
275,1,0,0,0
217,2,30,7,1
252,0,0,1,0
56,10,2,4,1
120,1,5,0,0
283,0,2,0,0
83,1,0,0,0
169,0,0,2,0
51,3,3,0,0
519,6,8,6,1
94,1,3,0,0
283,4,2,2,0
205,1,1,1,0
565,7,20,1,1
419,2,10,3,1
193,1,1,1,0
111,2,0,2,0
988,3,14,4,1
167,2,0,1,0
597,7,16,3,1
166,2,7,1,0
941,9,8,0,1
120,3,20,4,1
198,5,27,0,1
837,5,2,6,1
105,7,21,3,1
31,0,2,5,0
217,8,24,2,1
662,4,13,8,1
713,2,3,2,1
133,0,2,0,0
267,1,4,1,0
217,2,1,2,0
824,2,20,4,1
175,5,6,9,1
123,7,3,3,1
264,7,3,9,1
153,1,2,0,0
848,8,0,3,1
135,2,2,1,0
277,3,0,1,0
74,0,2,0,0
79,0,8,6,0
503,5,20,6,1
354,2,2,1,0
142,4,0,0,0
536,0,13,6,1
477,2,29,3,1
127,2,15,7,1
186,8,1,7,1
162,0,0,0,0
188,9,12,6,1
436,10,10,1,1
58,2,2,6,0
92,0,1,2,0
802,4,10,4,1
687,2,23,3,1
218,1,2,2,0
255,10,7,10,1
281,2,11,6,1
156,1,9,1,0
149,1,0,0,0
446,8,3,10,1
157,2,16,10,1
125,1,0,0,0
55,2,1,0,0
165,0,3,1,0
66,2,14,5,1
264,2,1,0,0
203,2,3,1,0
195,5,23,2,1
137,3,5,8,1
83,5,1,2,0
65,1,2,1,0
427,0,29,4,1
958,8,11,2,1
369,6,9,8,1
297,2,13,7,1
186,1,4,2,0
272,1,2,1,0
100,7,21,6,1
714,9,30,7,1
223,0,0,1,0
239,2,2,2,0
310,9,16,1,1
138,5,8,7,1
168,2,1,2,0
343,5,0,4,1
706,1,6,4,1
118,0,1,5,1
799,7,28,5,1
413,1,6,1,0
199,2,22,4,1
336,2,9,9,1
234,1,3,1,0
367,2,2,1,0
638,4,5,9,1
390,6,23,3,1
128,1,3,0,0
853,10,18,3,1
601,8,5,9,1
171,0,1,0,0
383,0,19,4,1
297,0,1,2,0
82,4,5,3,1
460,2,13,8,1
719,9,2,8,1
523,2,12,4,1
172,9,2,6,1
475,2,1,1,0
186,10,28,6,1
90,7,17,8,1
60,1,3,0,0
262,2,0,0,0
192,0,29,4,1
695,3,25,10,1
121,0,9,6,0
247,0,2,5,0
57,1,2,4,0
81,0,9,1,0
438,1,3,5,0
119,10,13,5,1
865,4,1,10,1
200,1,0,0,0
273,0,0,2,0
116,1,3,0,0
189,2,2,2,0
608,4,29,2,1
83,2,1,0,0
506,4,12,7,1
864,9,29,4,1
267,0,3,6,0
129,3,30,1,1
61,0,10,3,0
68,0,0,2,0
21,0,1,1,0
164,9,25,6,1
285,1,2,1,0
164,3,0,2,0
85,9,0,7,1
190,3,3,2,0
447,2,0,0,0
108,0,1,6,0
214,0,2,3,0
775,10,1,3,1
428,9,5,2,1
195,5,1,1,0
164,1,3,1,0
299,8,0,10,1
208,2,15,0,1
163,0,0,2,0
78,1,9,2,0
289,0,0,0,0
514,9,7,7,1
869,5,5,3,1
174,7,12,10,1
100,0,2,6,0
750,6,21,2,1
29,1,2,1,0
86,2,3,1,0
195,4,0,2,0
335,8,20,1,1
187,4,10,3,0
612,0,22,3,1
212,5,1,3,0
159,4,3,0,0
219,4,0,2,0
909,8,13,7,1
425,0,2,1,0
26,2,1,2,0
909,4,25,4,1
694,2,16,7,1
127,0,2,2,0
871,8,5,4,1
333,4,3,3,1
137,1,3,0,0
93,2,1,2,0
178,2,0,2,0
605,7,16,7,1
295,2,1,3,0
251,8,10,9,1
149,2,0,0,0
187,0,8,2,0
353,2,7,5,1
488,8,20,1,1
284,2,3,1,0
633,6,20,6,1
193,6,1,8,1
715,8,14,7,1
301,10,3,6,1
160,2,2,0,0
220,3,13,3,1
37,0,2,0,0
152,0,10,2,0
230,0,1,0,0
141,1,0,3,1
275,2,26,7,1
198,2,0,0,0
241,2,10,2,0
57,1,10,2,0
302,6,21,8,1
298,3,1,2,0
295,3,1,2,0
97,4,15,10,1
123,0,0,2,0
106,2,0,6,0
818,6,7,0,1
24,4,0,5,0
35,0,2,1,0
897,4,8,3,1
706,6,7,4,1
185,2,1,1,0
105,2,8,0,0
88,7,24,7,1
20,2,3,0,0
219,0,0,2,0
140,3,24,8,1
805,3,30,0,1
810,4,15,5,1
774,2,14,7,1
275,1,5,0,0
626,7,4,4,1
795,4,9,6,1
105,1,2,0,0
179,5,9,9,1
52,0,2,2,0
137,4,3,0,0
160,1,1,0,0
118,2,6,8,1
675,9,26,2,1
141,1,10,0,0
154,2,1,2,0
145,1,2,0,0
271,4,4,2,0
498,10,17,7,1
335,2,1,10,1
784,9,6,3,1
186,5,5,9,1
510,2,27,3,1
116,2,24,1,1
179,0,3,0,0
400,3,22,10,1
167,3,4,4,1
138,5,2,1,0
912,2,3,5,1
900,3,13,3,1
29,1,3,2,0
592,9,26,6,1
162,9,4,10,1
689,10,21,1,1
245,0,2,3,0
88,5,3,5,0
208,2,1,1,0
161,8,26,9,1
184,3,2,2,0
108,4,3,0,0
204,2,0,2,0
39,2,3,2,0
496,2,3,0,0
139,2,10,0,0
645,2,9,3,1
479,1,0,1,0
306,2,7,0,0
72,7,7,1,1
458,9,16,5,1
180,3,2,0,0
232,1,2,0,0
402,3,4,10,1
274,1,3,1,0
190,3,26,2,1
849,1,10,0,1
300,4,18,6,1
37,1,2,2,0
88,2,27,7,1
668,8,5,3,1
91,3,0,5,0
136,4,16,10,1
240,1,2,1,0
179,4,13,10,1
103,1,3,2,0
281,1,1,0,0
638,2,13,10,1
123,3,4,7,1
802,10,30,8,1
292,2,0,1,0
405,10,14,5,1
892,6,8,6,1
66,2,29,3,1
499,4,0,1,1
96,1,2,6,0
498,7,10,5,1
317,0,1,1,0
809,3,5,10,1
165,0,20,4,1
94,1,2,0,0
727,2,1,10,1
909,1,25,4,1
38,2,0,6,0
90,0,2,2,0
153,5,2,6,1
682,4,16,3,1
132,1,0,0,0
56,3,1,5,1
640,2,29,7,1
918,6,1,5,1
375,1,6,1,0
188,1,3,0,0
880,5,22,5,1
859,1,28,5,1
131,1,2,4,0
444,8,0,6,1
933,2,7,3,1
49,0,0,0,0
156,2,11,10,1
274,0,3,1,0
127,2,2,5,0
186,6,7,7,1
64,0,2,0,0
253,1,0,2,0
378,2,2,1,0
197,1,1,4,0
213,0,4,0,0
235,1,0,1,0
924,8,15,10,1
568,4,17,10,1
176,0,1,1,0
345,3,3,1,0
858,5,12,3,1
619,2,29,8,1
270,0,1,1,0
54,1,1,6,0
233,4,8,2,0
103,0,1,0,0
53,1,3,2,0
31,0,8,4,0
205,0,2,1,0
159,3,0,2,0
62,0,1,1,0
287,5,14,10,1
824,1,0,8,1
222,3,26,9,1
266,3,15,6,1
99,0,0,2,0
977,7,8,4,1
183,6,22,6,1
453,3,1,0,0
197,0,1,6,0
232,1,2,2,0
193,10,7,4,1
231,9,22,5,1
182,1,1,1,0
110,1,2,0,0
282,1,0,0,0
290,4,0,0,0
241,0,9,4,0
50,1,1,0,0
429,9,27,9,1
271,2,2,0,0
283,8,30,1,1
301,8,23,10,1
420,2,20,5,1
176,0,7,6,0
944,3,23,7,1
183,5,2,0,0
361,9,25,9,1
694,3,23,5,1
81,2,2,2,0
157,2,0,0,0
185,1,2,2,0
255,2,26,1,1
232,10,26,3,1
258,0,3,2,0
532,4,26,3,1
246,5,9,3,1
521,4,14,8,1
364,0,1,0,0
80,0,2,2,0
112,3,13,7,1
694,7,25,10,1
528,2,12,0,1
95,5,1,0,0
381,5,3,2,0
743,7,19,5,1
192,9,13,8,1
86,2,1,2,0
132,2,2,0,0
217,3,18,9,1
371,2,9,5,1
233,5,0,0,0
422,7,2,7,1
572,0,5,5,1
119,5,23,1,1
173,2,3,0,0
197,1,10,0,0
584,9,12,1,1
141,6,1,0,1
695,8,5,3,1
187,1,0,2,0
180,8,30,9,1
297,4,21,7,1
203,2,24,2,1
613,8,15,4,1
350,9,7,1,1
592,7,3,3,1
231,1,20,5,1
261,6,5,5,1
99,2,21,7,1
283,2,0,1,0
76,3,19,7,1
169,2,0,2,0
208,0,3,4,0
115,0,3,0,0
58,1,3,1,0
578,9,21,10,1
195,0,3,2,0
59,1,0,1,0
96,2,3,2,0
115,1,2,0,0
475,4,15,8,1
381,3,24,3,1
303,2,12,9,1
534,3,6,0,1
589,8,20,6,1
85,0,2,1,0
53,0,2,4,0
153,2,4,0,0
368,2,16,2,1
188,0,0,1,0
686,5,23,9,1
73,0,0,0,0
689,10,27,9,1
615,7,7,7,1
531,0,6,3,1
54,2,0,0,0
554,0,28,10,1
58,0,2,2,0
262,1,2,5,0
339,2,1,2,0
177,2,1,1,0
962,8,5,5,1
363,2,0,0,0
189,0,3,1,0
344,8,14,4,1
198,3,22,10,1
231,1,3,4,0
185,0,3,0,0
714,4,20,9,1
140,8,15,5,1
197,2,3,5,0
195,5,6,1,1
293,2,6,0,0
169,8,25,9,1
381,4,6,2,0
501,2,9,8,1
139,3,21,4,1
429,0,3,2,0
980,2,9,9,1
85,8,4,9,1
917,2,17,3,1
849,0,30,2,1
445,0,3,2,0
147,7,25,5,1
263,1,3,1,0
224,1,3,0,0
182,2,5,4,0
257,2,0,1,0
869,3,26,6,1
149,3,25,6,1
50,2,6,8,1
984,4,17,9,1
242,2,2,1,0
226,1,2,2,0
903,5,5,3,1
703,9,27,3,1
69,3,29,3,1
254,8,5,5,1
60,0,9,4,0
275,2,0,2,0
269,2,3,2,0
204,2,3,0,0
839,6,0,8,1
1000,3,23,3,1
240,1,1,1,0
912,10,5,0,1
693,9,26,2,1
757,9,30,3,1
201,1,0,2,0
154,2,3,5,0
236,1,0,2,0
88,2,18,8,1
565,6,7,7,1
738,7,22,8,1
67,1,0,4,0
151,0,4,2,0
717,5,30,4,1
224,4,26,2,1
246,1,2,4,0
483,0,15,7,1
292,1,3,1,0
794,2,6,9,1
200,2,1,2,0
270,1,3,4,0
23,0,1,1,0
869,2,18,1,1
188,2,17,9,1
64,1,2,2,0
266,0,0,0,0
154,2,2,2,0
292,2,3,0,0
285,0,0,2,0
257,1,8,0,0
314,7,24,2,1
184,10,24,9,1
549,1,18,7,1
938,5,30,7,1
292,0,4,0,0
663,8,21,6,1
124,0,28,7,1
450,1,7,0,0
967,9,19,9,1
602,10,16,6,1
239,2,1,4,0
210,5,2,1,0
289,0,0,2,0
324,8,19,10,1
388,1,9,8,1
352,4,15,4,1
